brand,detail,price
Lada,Блок управления отопителем (печкой) ВАЗ Lada Vesta 2015,10000
Lada,Задний бампер в цвет Лада Веста,5000
Lada,Порог кузовной,3600
Lada,Балка задняя ВАЗ Lada Kalina,10000
Lada,Двигатель (ДВС) ВАЗ Lada Largus 2012,100000
Lada,Блок ABS (насос) ВАЗ Lada Largus 2012,10000
Lada,Фара левая ВАЗ Lada Vesta 2015,11000
Lada,Диски ВАЗ (LADA) R13,16000
BMW,Двигатель B57D30 BMW X3 G01 3.0,244000
BMW,Камера BMW X5 (F15),16000
BMW,Магнитола BMW X5 (F15),15000
BMW,Вентилятор радиатора BMW X5 (F15),27000
Mazda,Турбина ДВС F6JA DV4TD 0375G9,18600
Mazda,Капот Mazda Mazda 6 (GH),14000
Mazda,АКПП Mazda 3,50000
Mazda,Фара правая Mazda CX-5 II,35000
Mercedes,Тормозные колодки задние ATE 13.0460-4064.2 Mercedes,2000
Mercedes,Рейка рулевая Mercedes-Benz GLK-Class,90000
Mercedes,Кулиса КПП Mercedes-Benz GLE-Class,15000
Mercedes,Дверь задняя правая Mercedes-Benz GLS-Class,25000
Volvo,Катализатор Volvo XC90 II,65000
Volvo,Трубка пластиковая Volvo XC90 II,10000
Volvo,Капот Volvo XC90 II,80000
Volvo,Балка подмоторная Volvo XC90,40000
Honda,Коллектор выпускной Honda CR-V IV,80000
Honda,Кулак поворотный передний правый Honda CR-V IV,12000
Honda,Рейка рулевая Honda CR-V IV,30000
Honda,Опора двигателя Honda CR-V IV,13000